INSERT INTO base.people (person, first_name, last_name, lahman_id)
    VALUES ('additry01', 'Ryan',    'Additon',      -1),
           ('baccher01', 'Eric',    'Bacchus',      -1),
           ('bakerjo02', 'Jordan',  'Baker',        -1),
           ('barbese01', 'Sean',    'Barber',       -1),
           ('barksla01', 'Lance',   'Barksdale',    -1),
           ('barrela01', 'Lance',   'Barrett',      -1),
           ('barrysc01', 'Scott',   'Barry',        -1),
           ('beckad01',  'Adam',    'Beck',         -1),
           ('bellida01', 'Dan',     'Bellino',      -1),
           ('blaknry01', 'Ryan',    'Blakney',      -1),
           ('blaseco01', 'Cory',    'Blaser',       -1),
           ('bucknch01', 'C. B.',   'Bucknor',      -1),
           ('carlsma01', 'Mark',    'Carlson',      -1),
           ('carapvi01', 'Vic',     'Carapazza',    -1),
           ('cejane01',  'Nestor',  'Ceja',         -1),
           ('clemopa01', 'Paul',    'Clemons',      -1),
           ('conroch01', 'Chris',   'Conroy',       -1),
           ('cuzziph01', 'Phil',    'Cuzzi',        -1),
           ('dejesra01', 'Ramon',   'De Jesus',     -1),
           ('diazla01',  'Laz',     'Díaz',         -1),
           ('drakero01', 'Rob',     'Drake',        -1),
           ('dreckbr01', 'Bruce',   'Dreckman',     -1),
           ('eddindo01', 'Doug',    'Eddings',      -1),
           ('estabmi01', 'Mike',    'Estabrook',    -1),
           ('faircch01', 'Chad',    'Fairchild',    -1),
           ('fletcan01', 'Andy',    'Fletcher',     -1),
           ('gibsotr01', 'Tripp',   'Gibson',       -1),
           ('gonzama03', 'Manny',   'Gonzales',     -1),
           ('guccich01', 'Chris',   'Guccione',     -1),
           ('hamarad01', 'Adam',    'Hamari',       -1),
           ('hoyeja01',  'James',   'Hoye',         -1),
           ('hudsoma01', 'Marvin',  'Hudson',       -1),
           ('iassoda01', 'Dan',     'Iassogna',     -1),
           ('jimenem01', 'Emil',    'Jimenez',      -1),
           ('johnsad02', 'Adrian',  'Johnson',      -1),
           ('knighbr02', 'Brian',   'Knight',       -1),
           ('kulparo01', 'Ron',     'Kulpa',        -1),
           ('lentzni01', 'Nic',     'Lentz',        -1),
           ('libkajo01', 'John',    'Libka',        -1),
           ('littlwi01', 'Will',    'Little',       -1),
           ('livensh01', 'Shane',   'Livensparger', -1),
           ('mackaal01', 'Alex',    'MacKay',       -1),
           ('mahrlni01', 'Nick',    'Mahrley',      -1),
           ('marqual01', 'Alfonzo', 'Márquez',      -1),
           ('maybe01',   'Ben',     'May',          -1),
           ('merzeda01', 'Dan',     'Merzel',       -1),
           ('millebi05', 'Bill',    'Miller',       -1),
           ('millebr05', 'Brennan', 'Miller',       -1),
           ('moorema03', 'Malachi', 'Moore',        -1),
           ('moralga01', 'Gabe',    'Morales',      -1),
           ('moscoed01', 'Edwin',   'Moscosso',     -1),
           ('muchlmi01', 'Mike',    'Munchlinski',  -1),
           ('onorabr01', 'Brian',   'O''Nora',      -1),
           ('ortizro02', 'Roberto', 'Ortiz',        -1),
           ('pawolje01', 'Jen',     'Pawol',        -1),
           ('porteal01', 'Alan',    'Porter',       -1),
           ('racklda01', 'David',   'Rackly',       -1),
           ('randato01', 'Tony',    'Randazza',     -1),
           ('rehakje01', 'Jeremie', 'Rehak',        -1),
           ('reybudj01', 'D. J.',   'Reyburn',      -1),
           ('rippema01', 'Mark',    'Ripperger',    -1),
           ('scheust01', 'Stu',     'Scheurwater',  -1),
           ('segalch01', 'Chris',   'Segal',        -1),
           ('ticheto01', 'Todd',    'Tichenor',     -1),
           ('tomlina01', 'Nate',    'Tomlinson',    -1),
           ('torreca02', 'Carlos',  'Torres',       -1),
           ('tosial01',  'Alex',    'Tosi',         -1),
           ('tumpajo01', 'John',    'Tumpane',      -1),
           ('valenju01', 'Junior',  'Valentine',    -1),
           ('viscoja01', 'Jansen',  'Visconti',     -1),
           ('vondrcl01', 'Clint',   'Vondrak',      -1),
           ('wegnema01', 'Mark',    'Wegner',       -1),
           ('wendehu01', 'Hunter',  'Wendelstedt',  -1),
           ('whitsch01', 'Chad',    'Whitson',      -1),
           ('willsry01', 'Ryan',    'Wills',        -1),
           ('wolcoqu01', 'Quinn',   'Wolcott',      -1),
           ('wolfji02',  'Jim',     'Wolf',         -1)
;

INSERT INTO base.birth_cities (person, country, state, city)
    VALUES ('additry01', 'USA', 'FL', 'Miami'),
           ('baccher01', 'USA', 'MD', 'Germantown'),
           ('bakerjo02', 'USA', 'OK', 'Enid'),
           ('barbese01', 'USA', 'FL', 'Lakeland'),
           ('barksla01', 'USA', 'MS', 'Brookhaven'),
           ('barrela01', 'USA', 'TX', 'Fort Worth'),
           ('barrysc01', 'USA', 'MI', 'Battle Creek'),
           ('beckad01',  'USA', 'FL', 'Altamonte Springs'),
           ('bellida01', 'USA', 'IL', 'Chicago'),
           ('blaknry01', 'USA', 'WA', 'Wenatchee'),
           ('blaseco01', 'USA', 'CO', 'Denver'),
           ('bucknch01', 'Jamaica', 'Westmoreland', 'Savanna-la-Mar'),
           ('carlsma01', 'USA', 'IL', 'Joliet'),
           ('cejane01',  'Mexico', 'Michoacán', '-'),
           ('conroch01', 'USA', 'MA', 'North Adams'),
           ('cuzziph01', 'USA', 'NJ', 'Newark'),
           ('dejesra01', 'Dominican Republic', 'Distrito Nacional', 'Santo Domingo'),
           ('diazla01',  'USA', 'FL', 'Miami'),
           ('drakero01', 'USA', 'PA', 'Indiana'),
           ('dreckbr01', 'USA', 'IA', 'Le Mars'),
           ('eddindo01', 'USA', 'NM', 'Las Cruces'),
           ('estabmi01', 'USA', 'FL', 'Daytona Beach'),
           ('faircch01', 'USA', 'OH', 'Sandusky'),
           ('fletcan01', 'USA', 'TN', 'Memphis'),
           ('gibsotr01', 'USA', 'KY', 'Mayfield'),
           ('gonzama03', 'Venezuela', 'Distrito Capital', 'Caracas'),
           ('guccich01', 'USA', 'CO', 'Salida'),
           ('hamarad01', 'USA', 'MI', 'Marquette'),
           ('hoyeja01',  'USA', 'OH', 'Parma'),
           ('hudsoma01', 'USA', 'GA', 'Marietta'),
           ('iassoda01', 'USA', 'CN', 'Bridgeport'),
           ('johnsad02', 'USA', 'TX', 'Houston'),
           ('knighbr02', 'USA', 'MT', 'Helena'),
           ('kulparo01', 'USA', 'MO', 'St. Louis'),
           ('lentzni01', 'USA', 'MI', 'Grand Rapids'),
           ('libkajo01', 'USA', 'MI', 'Saginaw'),
           ('littlwi01', 'USA', 'TN', 'Fall Branch'),
           ('mackaal01', 'USA', 'CO', 'Denver'),
           ('livensh01', 'USA', 'OH', 'Bryan'),
           ('mahrlni01', 'USA', 'IL', 'Park Ridge'),
           ('marqual01', 'Mexico', 'Zacatecas', 'Villanueva'),
           ('maybe01',   'USA', 'WI', 'Racine'),
           ('merzeda01', 'USA', 'MA', 'Hopkinton'),
           ('millebi05', 'USA', 'CA', 'Vallejo'),
           ('millebr05', 'USA', 'VA', 'Alexandria'),
           ('moorema03', 'USA', 'CA', 'Compton'),
           ('moralga01', 'USA', 'CA', 'Santa Clara'),
           ('moscoed01', 'Venezuela', 'Distrito Capital', 'Caracas'),
           ('muchlmi01', 'USA', 'WA', 'Tacoma'),
           ('onorabr01', 'USA', 'OH', 'Youngstown'),
           ('ortizro02', 'Puerto Rico', '-', 'Caguas'),
           ('pawolje01', 'USA', 'NJ', 'West Milford'),
           ('porteal01', 'USA', 'PA', 'Philadelphia'),
           ('racklda01', 'USA', 'TX', 'Houston'),
           ('randato01', 'USA', 'IL', 'Chicago'),
           ('rehakje01', 'USA', 'PA', 'Murrysville'),
           ('reybudj01', 'USA', 'MI', 'Grand Rapids'),
           ('rippema01', 'USA', 'CA', 'Escondido'),
           ('scheust01', 'Canada', 'SK', 'Regina'),
           ('segalch01', 'USA', 'VA', 'Falls Church'),
           ('ticheto01', 'USA', 'NE', 'Lincoln'),
           ('tomlina01', 'USA', 'WI', 'Waupaca'),
           ('torreca02', 'Venezuela', 'Tara', 'Barquisimeto'),
           ('tosial01',  'Canada', 'ON', 'Markham'),
           ('tumpajo01', 'USA', 'IL', 'Evergreen Park'),
           ('valenju01', 'USA', 'TN', 'Cosby'),
           ('viscoja01', 'USA', 'PA', 'Latrobe'),
           ('vondrcl01', 'USA', 'CA', 'Ventura'),
           ('wegnema01', 'USA', 'MN', 'St. Paul'),
           ('wendehu01', 'USA', 'GA', 'Atlanta'),
           ('whitsch01', 'USA', 'OH', 'Dublin'),
           ('wolcoqu01', 'USA', 'WA', 'Puyallup'),
           ('wolfji02',  'USA', 'CA', 'West Hills')
;

INSERT INTO base.birth_dates (person, year, month, day)
    VALUES ('additry01', 1985, 12,  5),
           ('baccher01', 1990, 11,  2),
           ('bakerjo02', 1981,  6, 22),
           ('barbese01', 1985,  5, 22),
           ('barksla01', 1967,  3,  8),
           ('barrela01', 1984, 10,  3),
           ('barrysc01', 1976,  8,  3),
           ('beckad01',  1988,  9,  4),
           ('bellida01', 1978, 10, 10),
           ('blaknry01', 1985,  5, 24),
           ('blaseco01', 1981, 12,  8),
           ('bucknch01', 1962,  8, 23),
           ('carlsma01', 1969,  7, 11),
           ('cejane01',  1987,  4, 14),
           ('conroch01', 1974,  7, 22),
           ('cuzziph01', 1955,  8, 29),
           ('dejesra01', 1983,  8, 31),
           ('diazla01',  1963,  3, 29),
           ('drakero01', 1969,  5, 24),
           ('dreckbr01', 1970,  8,  7),
           ('eddindo01', 1968,  9, 14),
           ('estabmi01', 1976,  7, 28),
           ('faircch01', 1970, 12, 30),
           ('fletcan01', 1966, 11, 17),
           ('gibsotr01', 2013,  7,  8),
           ('gonzama03', 1979, 12,  4),
           ('guccich01', 1974,  6, 24),
           ('hamarad01', 1983,  5, 23),
           ('hoyeja01',  1971,  2,  8),
           ('hudsoma01', 1964,  3,  3),
           ('iassoda01', 1969,  5,  3),
           ('johnsad02', 1975,  5, 25),
           ('knighbr02', 1974, 10,  2),
           ('kulparo01', 1968, 10,  5),
           ('lentzni01', 1989, 12, 28),
           ('libkajo01', 1987,  6, 13),
           ('littlwi01', 1984,  3,  2),
           ('livensh01', 1984,  1, 14),
           ('mackaal01', 1989,  2,  3),
           ('mahrlni01', 1982,  9, 23),
           ('marqual01', 1972,  8, 12),
           ('maybe01',   1982,  1, 23),
           ('merzeda01', 1987,  7, 20),
           ('millebi05', 1967,  5, 31),
           ('millebr05', 1991,  7, NULL),
           ('moorema03', 1990,  6, 14),
           ('moralga01', 1984,  6, 24),
           ('pawolje01', 1976, 12, 29),
           ('porteal01', 1977, 12, 18),
           ('racklda01', 1981, 10, 11),
           ('randato01', 1965,  1, 11),
           ('rehakje01', 1983, 11, 13),
           ('reybudj01', 1976, 10, 13),
           ('rippema01', 1980,  8,  6),
           ('scheust01', 1983,  5,  6),
           ('segalch01', 1982,  7, 13),
           ('ticheto01', 1976, 12, 15),
           ('tomlina01', 1990,  9, 20),
           ('torreca02', 1978,  9, 14),
           ('tosial01',  1988,  3,  7),
           ('tumpajo01', 1983,  5,  4),
           ('valenju01', 1987, 10, 21),
           ('vondrcl01', 1989,  3, 11),
           ('wegnema01', 1972,  3,  4),
           ('wendehu01', 1971,  6, 22),
           ('whitsch01', 1981, 12,  8),
           ('willsry01', 1987,  9, 27),
           ('wolcoqu01', 1989,  6, 17),
           ('wolfji02',  1969,  7, 24)
;

INSERT INTO base.cities (country, state, city)
    VALUES ('Jamaica', 'Westmoreland', 'Savanna-la-Mar'),
           ('Mexico', 'Zacatecas', 'Villanueva'),
           ('Puerto Rico', '-', 'Caguas'),
           ('USA', 'CN', 'Bridgeport'),
           ('USA', 'CO', 'Salida'),
           ('USA', 'MA', 'Hopkinton'),
           ('USA', 'MS', 'Brookhaven'),
           ('USA', 'NJ', 'West Milford'),
           ('USA', 'PA', 'Murrysville'),
           ('USA', 'TN', 'Cosby'),
           ('USA', 'TN', 'Fall Branch'),
           ('USA', 'WI', 'Waupaca'),
           ('Venezuela', 'Tara', 'Barquisimeto')
;

INSERT INTO base.umpires (umpire, jersey, first_game)
    VALUES ('additry01', 67, '2017-05-21'),
           ('baccher01', 12, '2020-08-07'),
           ('bakerjo02', 71, '2012-06-22'),
           ('barbese01', 29, '2014-03-30'),
           ('barksla01', 23, '2000-05-29'),
           ('barrela01', 16, '2010-10-01'),
           ('barrysc01', 87, '2006-06-04'),
           ('beckad01',  38, '2020-08-05'),
           ('bellida01',  2, '2008-06-25'),
           ('blaknry01', 36, '2015-04-21'),
           ('blaseco01', 89, '2010-04-24'),
           ('bucknch01', 54, '1996-04-04'),
           ('cejane01',  33, '2020-08-14'),
           ('clemopa01', 57, '2020-08-19'),
           ('conroch01', 98, '2010-09-29'),
           ('cuzziph01', 10, '1991-06-04'),
           ('dejesra01', 18, '2016-04-22'),
           ('diazla01',  63, '1995-06-23'),
           ('drakero01',  8, '1999-09-03'),
           ('dreckbr01',  1, '1996-04-05'),
           ('eddindo01', 88, '1998-08-16'),
           ('estabmi01', 83, '2006-05-07'),
           ('faircch01',  4, '2004-09-30'),
           ('fletcan01', 49, '1999-08-24'),
           ('gibsotr01', 73, '2013-07-08'),
           ('gonzama03', 79, '2010-05-10'),
           ('guccich01', 68, '2000-04-25'),
           ('hamarad01', 78, '2013-06-25'),
           ('hoyeja01',  92, '2003-06-08'),
           ('hudsoma01', 51, '1998-07-29'),
           ('iassoda01', 58, '1999-08-20'),
           ('johnsad02', 80, '2006-04-19'),
           ('kulparo01', 46, '1998-07-23'),
           ('lentzni01', 59, '2006-04-20'),
           ('libkajo01', 84, '2017-05-27'),
           ('littlwi01', 93, '2013-06-24'),
           ('livensh01', 43, '2017-06-10'),
           ('mackaal01',  9, '2020-08-21'),
           ('mahrlni01', 48, '2017-08-03'),
           ('marqual01', 72, '1999-08-13'),
           ('maybe01',   97, '2014-04-17'),
           ('merzeda01',  3, '2020-08-29'),
           ('millebi05', 26, '1997-07-28'),
           ('millebr05', 55, '2019-04-20'),
           ('moorema03', 44, '2020-08-17'),
           ('moralga01', 47, '2014-04-02'),
           ('moscoed01', 32, '2020-07-23'),
           ('muchlmi01', 76, '2006-04-24'),
           ('onorabr01',  7, '1992-08-04'),
           ('pawolje01', 95, '2025-08-09'),
           ('porteal01', 64, '2010-04-05'),
           ('racklda01', 86, '2010-08-13'),
           ('randato01', 11, '1999-08-13'),
           ('rehakje01', 35, '2018-04-09'),
           ('reybudj01', 17, '2008-06-10'),
           ('rippema01', 90, '2010-09-30'),
           ('scheust01', 85, '2015-04-25'),
           ('segalch01', 96, '2014-04-14'),
           ('ticheto01', 13, '2007-06-08'),
           ('tomlina01', 34, '2020-08-07'),
           ('torreca02', 37, '2015-07-17'),
           ('tosial01',  66, '2019-05-11'),
           ('tumpajo01', 74, '2010-08-02'),
           ('valenju01', 25, '2020-08-26'),
           ('viscoja01', 52, '2018-04-17'),
           ('vondrcl01', 15, '2020-08-10'),
           ('wegnema01', 14, '1990-05-20'),
           ('wendehu01', 21, '1998-04-19'),
           ('whitsch01', 62, '2014-05-14'),
           ('willsry01', 20, '2020-08-22'),
           ('wolcoqu01', 81, '2013-05-27'),
           ('wolfji02',  28, '1999-09-02')
;

/* retired umpires */
INSERT INTO base.umpires (umpire, jersey, first_game, last_game)
    VALUES ('knighbr02', 91, '2001-05-07', '2024-06-26')
;

INSERT INTO base.umpire_crews (year, crew, chief)
    VALUES
           (2025, 'A', 'millebi05'),
           (2025, 'B', 'wegnema01'),
           (2025, 'C', 'marqual01'),
           (2025, 'D', 'iassoda01'),
           (2025, 'E', 'carlsma01'),
           (2025, 'F', 'diazla01'),
           (2025, 'G', 'kulparo01'),
           (2025, 'H', 'hudsoma01'),
           (2025, 'I', 'barksla01'),
           (2025, 'J', 'hoyeja01'),
           (2025, 'K', 'johnsad02'),
           (2025, 'L', 'bellida01'),
           (2025, 'M', 'ticheto01'),
           (2025, 'N', 'porteal01'),
           (2025, 'O', 'conroch01'),
           (2025, 'P', 'guccich01'),
           (2025, 'Q', 'fletcan01'),
           (2025, 'R', 'eddindo01'),
           (2025, 'S', 'carapvi01')
;

INSERT INTO base.umpire_crew_members (year, crew, umpire)
    VALUES
           (2025, 'A', 'faircch01'),
           (2025, 'A', 'maybe01'),
           (2025, 'A', 'millebi05'),
           (2025, 'A', 'ortizro02'),
           (2025, 'B', 'dreckbr01'),
           (2025, 'B', 'livensh01'),
           (2025, 'B', 'tomlina01'),
           (2025, 'B', 'wegnema01'),
           (2025, 'C', 'barksla01'),
           (2025, 'C', 'marqual01'),
           (2025, 'C', 'torreca02'),
           (2025, 'D', 'barrysc01'),
           (2025, 'D', 'beckad01'),
           (2025, 'D', 'bucknch01'),
           (2025, 'D', 'iassoda01'),
           (2025, 'E', 'bakerjo02'),
           (2025, 'E', 'carlsma01'),
           (2025, 'E', 'merzeda01'),
           (2025, 'E', 'scheust01'),
           (2025, 'F', 'baccher01'),
           (2025, 'F', 'diazla01'),
           (2025, 'F', 'estabmi01'),
           (2025, 'F', 'onorabr01'),
           (2025, 'G', 'blaseco01'),
           (2025, 'G', 'gonzama03'),
           (2025, 'G', 'kulparo01'),
           (2025, 'G', 'tosial01'),
           (2025, 'H', 'blaknry01'),
           (2025, 'H', 'gibsotr01'),
           (2025, 'H', 'hudsoma01'),
           (2025, 'H', 'valenju01'),
           (2025, 'I', 'additry01'),
           (2025, 'I', 'barksla01'),
           (2025, 'I', 'littlwi01'),
           (2025, 'I', 'willsry01'),
           (2025, 'J', 'barbese01'),
           (2025, 'J', 'hoyeja01'),
           (2025, 'J', 'libkajo01'),
           (2025, 'J', 'reybudj01'),
           (2025, 'K', 'clemopa01'),
           (2025, 'K', 'dejesra01'),
           (2025, 'K', 'johnsad02'),
           (2025, 'K', 'wolcoqu01'),
           (2025, 'L', 'bellida01'),
           (2025, 'L', 'cuzziph01'),
           (2025, 'L', 'randato01'),
           (2025, 'L', 'vondrcl01'),
           (2025, 'M', 'ticheto01'),
           (2025, 'M', 'wendehu01'),
           (2025, 'M', 'hamarad01'),
           (2025, 'M', 'cejane01'),
           (2025, 'N', 'mackaal01'),
           (2025, 'N', 'porteal01'),
           (2025, 'N', 'segalch01'),
           (2025, 'N', 'wolfji02'),
           (2025, 'O', 'conroch01'),
           (2025, 'O', 'tumpajo01'),
           (2025, 'O', 'rehakje01'),
           (2025, 'O', 'millebr05'),
           (2025, 'P', 'guccich01'),
           (2025, 'P', 'moscoed01'),
           (2025, 'P', 'racklda01'),
           (2025, 'P', 'whitsch01'),
           (2025, 'Q', 'drakero01'),
           (2025, 'Q', 'fletcan01'),
           (2025, 'Q', 'moorema03'),
           (2025, 'Q', 'viscoja01'),
           (2025, 'R', 'eddindo01'),
           (2025, 'R', 'jimenem01'),
           (2025, 'R', 'moralga01'),
           (2025, 'R', 'muchlmi01'),
           (2025, 'S', 'carapvi01'),
           (2025, 'S', 'lentzni01'),
           (2025, 'S', 'mahrlni01'),
           (2025, 'S', 'rippema01')
;
